#Sample_Name	Barcode	LIMS_Order	Flowcell_ID
Dana	CGATGT	MOLNG-2183	HNVMNBGX3
Dbia	TGACCA	MOLNG-2183	HNVMNBGX3
Dbip	ACAGTG	MOLNG-2183	HNVMNBGX3
Dere	GCCAAT	MOLNG-2183	HNVMNBGX3
Deug	CAGATC	MOLNG-2183	HNVMNBGX3
Dmau	GTAGAG	MOLNG-2182	H3L2YBGX5
Dmoj	TTAGGC	MOLNG-2183	HNVMNBGX3
Dper	ACTTGA	MOLNG-2183	HNVMNBGX3
Dpse	GATCAG	MOLNG-2183	HNVMNBGX3
Dsec	TAGCTT	MOLNG-2183	HNVMNBGX3
Dsim	GTCCGC	MOLNG-2182	H3L2YBGX5
Dvir	GGCTAC	MOLNG-2183	HNVMNBGX3
Dwil	AGTCAA	MOLNG-2183	HNVMNBGX3
Dyak	AGTTCC	MOLNG-2183	HNVMNBGX3
